threads,parallel,parallel_ready
2,0.850518,0.847803
4,0.444741,0.443324
8,0.229483,0.227728
16,0.179888,0.191818
32,0.179124,0.19289
64,0.176222,0.184412
128,0.175184,0.183843
