threads,parallel,parallel_ready
2,0.00105717,0.000992574
4,0.000575835,0.000554816
8,0.000520597,0.000551271
16,0.000567635,0.000489152
32,0.000958645,0.000599217
64,0.00183427,0.00093582
128,0.00419786,0.0016685
