N,serial,parallel,parallel_ready
10000,0.0161406,0.250223,0.0986898
100000,0.164357,0.266734,0.125315
1000000,1.87405,0.834005,0.759641
10000000,16.0788,3.61704,3.86036
100000000,157.407,24.4277,25.1889
1000000000,1570.12,235.962,239.082
