N,serial,parallel,parallel_ready
10000,0.0219092,0.366706,0.213119
100000,0.23355,0.671524,0.516839
1000000,1.46854,1.06705,0.880142
10000000,14.6739,3.49923,3.49788
100000000,131.829,25.2923,24.054
1000000000,1347.42,242.806,236.907
