threads,parallel,parallel_ready
2,1.32244,1.0695
4,0.809839,0.94715
8,0.582187,0.777202
16,0.777757,0.452184
32,0.903064,0.484788
64,1.93055,0.901213
128,3.70605,1.44486
