threads,parallel,parallel_ready
2,1.34833,1.47029
4,0.977191,1.01458
8,0.810253,0.728902
16,0.823261,0.456549
32,1.30916,0.590365
64,2.00685,1.02717
128,4.45649,1.51916
