N,serial,parallel,parallel_ready
10000,1.62624e-05,0.000256977,0.000115545
100000,0.000168028,0.000267331,0.000129339
1000000,0.00205331,0.000772186,0.000731009
10000000,0.0159655,0.0035788,0.0037298
100000000,0.157444,0.0254208,0.0264109
1000000000,1.58569,0.237557,0.242895
