threads,parallel,parallel_ready
2,1.03839,1.03425
4,0.720035,0.60386
8,0.557469,0.660507
16,0.559768,0.470606
32,0.915349,0.478236
64,1.82413,0.923729
128,3.70877,1.42404
