N,seed,insert_time_ms,remove_time_ms
500,42,0.071144,0.062898
500,43,0.072956,0.066825
500,44,0.070913,0.063399
1000,42,0.2829,0.312857
1000,43,0.329207,0.34629
1000,44,0.347641,0.360335
5000,42,17.0826,16.934
5000,43,15.4569,16.6948
5000,44,15.9126,16.247
10000,42,75.8006,78.0567
10000,43,75.181,82.5586
10000,44,74.2268,79.0612
