N,seed,insert_time_ms,remove_time_ms
500,42,0.23938,0.202811
500,43,0.246003,0.209083
500,44,0.225524,0.198033
1000,42,0.873264,0.83943
1000,43,0.845241,0.829661
1000,44,0.780419,0.740824
5000,42,31.5888,20.9955
5000,43,16.2349,16.1801
5000,44,15.2117,15.3052
