N,seed,insert_time_ms,remove_time_ms
500,42,0.083667,0.06915
500,43,0.088837,0.075201
500,44,0.084328,0.06918
1000,42,0.356439,0.358483
1000,43,0.33573,0.353123
1000,44,0.310092,0.280417
5000,42,17.2354,16.446
5000,43,15.5925,16.5633
5000,44,15.8624,16.3296
