N,seed,insert_time_ms,remove_time_ms
10000,42,0.841995,147.761
10000,43,0.850019,163.386
10000,44,0.870127,172.656
50000,42,7.40462,8807.71
50000,43,6.35334,8539.47
50000,44,5.98224,8208.35
100000,42,15.9333,37160.7
100000,43,14.4199,37590
100000,44,14.6649,36976.7
