N,seed,insert_time_ms,remove_time_ms
500,42,0.031128,0.203081
500,43,0.030307,0.210504
500,44,0.029675,0.20257
1000,42,0.061786,0.818133
1000,43,0.062948,0.852418
1000,44,0.061465,0.819766
5000,42,0.377037,27.3991
5000,43,0.381194,27.8386
5000,44,0.36816,27.0729
10000,42,0.941615,145.596
10000,43,0.888605,149.292
10000,44,0.79503,136.007
