N,seed,insert_time_ms,remove_time_ms
500,42,0.035156,0.193013
500,43,0.028614,0.200918
500,44,0.028163,0.199957
1000,42,0.062177,0.812479
1000,43,0.062978,0.832988
1000,44,0.058831,0.78684
5000,42,0.427174,76.3959
5000,43,0.588297,33.7389
5000,44,0.384804,25.9058
