N,seed,insert_time_ms,remove_time_ms
500,42,0.031089,0.213591
500,43,0.030748,0.214893
500,44,0.030588,0.206989
1000,42,0.063499,0.832212
1000,43,0.064401,0.861748
1000,44,0.063268,0.838014
5000,42,0.437571,27.3955
5000,43,0.38392,27.3007
5000,44,0.369353,26.8459
