N,seed,insert_time_ms,remove_time_ms
500,42,0.025718,0.006142
500,43,0.025658,0.006101
500,44,0.024946,0.006222
1000,42,0.086983,0.018795
1000,43,0.14902,0.018204
1000,44,0.08488,0.018515
5000,42,1.81118,0.333176
5000,43,3.35048,0.444184
5000,44,3.75318,0.44741
