N,seed,insert_time_ms,remove_time_ms
10000,42,1.10983,1.25539
10000,43,1.1456,1.67087
10000,44,1.49452,1.68303
50000,42,33.026,33.0364
50000,43,31.4296,32.7145
50000,44,31.4294,32.4658
100000,42,126.258,137.541
100000,43,124.107,130.589
100000,44,128.142,128.879
