N,seed,insert_time_ms,remove_time_ms
500,42,0.025277,0.005992
500,43,0.025207,0.006042
500,44,0.024546,0.005991
1000,42,0.085631,0.018124
1000,43,0.139673,0.017743
1000,44,0.083457,0.017984
5000,42,1.76328,0.343537
5000,43,23.5377,2.47576
5000,44,10.4706,1.11984
